{
  "parent": "minecraft:recipes/root",
  "rewards": {
    "recipes": [
      "log_crafting_shortcuts:chests"
    ]
  },
  "criteria": {
    "has_lots_of_items": {
      "trigger": "minecraft:inventory_changed",
      "conditions": {
        "slots": {
          "occupied": {
            "min": 10
          }
        }
      }
    },
    "has_the_recipe": {
      "trigger": "minecraft:recipe_unlocked",
      "conditions": {
        "recipe": "log_crafting_shortcuts:chests"
      }
    }
  },
  "requirements": [
    [
      "has_lots_of_items",
      "has_the_recipe"
    ]
  ]
}